<?xml version="1.0" encoding="UTF-8"?>
<blueprint xmlns="http://www.osgi.org/xmlns/blueprint/v1.0.0"
    xmlns:cm="http://aries.apache.org/blueprint/xmlns/blueprint-cm/v1.0.0"
    xmlns:xsi="http://www.w3.org/2001/XMLSchema-instance" xsi:schemaLocation="            http://www.osgi.org/xmlns/blueprint/v1.0.0 http://www.osgi.org/xmlns/blueprint/v1.0.0/blueprint.xsd">
    <cm:property-placeholder id="myblueprint.placeholder" persistent-id="myproperty"/>
    
    <reference id="configAdmin" interface="org.osgi.service.cm.ConfigurationAdmin" />
     <bean class="com.redhat.propertyFabricTest.myPropertyClass"
        id="myPropertyClass">
        <property name="configAdmin" ref="configAdmin"/>
    </bean>
    <camelContext id="propertyFabric-example-context" xmlns="http://camel.apache.org/schema/blueprint">
        <route id="propertyFabric-route">
            <from id="_from1" uri="timer://propertyTimer?repeatCount=3"/>
            <log id="_log5" message="After myPropertyClass Bean...............{{result}}"/>
        </route>
    </camelContext>
</blueprint>
