<?xml version="1.0" encoding="UTF-8"?>
<medi:edimap xmlns:medi="http://www.milyn.org/schema/edi-message-mapping-1.4.xsd">

	<medi:description name="Create_Task" version="1.0" />

	<medi:delimiters segment="'" field="+" component=":" sub-component="~" />

	<medi:segments xmltag="createtask">

	<medi:segment truncatable="true" ignoreUnmappedFields="true" segcode="ZFDL1" xmltag="ZFDLSeg1" minOccurs="0" maxOccurs="-1">
			<medi:field xmltag="ZFDLSeg1_PREMISES_PLACE" truncatable="true">
				<medi:component xmltag="ZFDLSeg1_DCS_PLACE_IDENTIFIER" />
				<medi:component xmltag ="ZFDLSeg1_SPECIAL_PERMANENT_ACCESS_INSTRUCTIONS"/>
			</medi:field>
			<medi:field xmltag="ZFDLSeg1_ADDRESS_UNIT" truncatable="true">
					<medi:component xmltag="ZFDLSeg1_ROAD_ADDRESS_1" />
					<medi:component xmltag="ZFDLSeg1_FLAT_NUMBER" />
					<medi:component xmltag="ZFDLSeg1_HOUSE_NUMBER" />
					<medi:component xmltag="ZFDLSeg1_POSTAL_DISTRICT" />
					<medi:component xmltag="ZFDLSeg1_POSTAL_TOWN" />
					<medi:component xmltag="ZFDLSeg1_POSTCODE_IN" />
					<medi:component xmltag="ZFDLSeg1_POSTCODE_OUT" />
					<medi:component xmltag="ZFDLSeg1_PREMISES_NAME " />
					<medi:component xmltag="ZFDLSeg1_ROAD_ADDRESS_2" />	
			</medi:field>
			<medi:field xmltag="ZFDLSeg1_CONTACT" truncatable="true">
					<medi:component xmltag="ZFDLSeg1_NAME" />
					<medi:component xmltag="ZFDLSeg1_DCS_CONTACT_IDENTIFIER" />
					<medi:component xmltag="ZFDLSeg1_CUSTOMER_PASSWORD" />
					<medi:component xmltag="ZFDLSeg1_HOME_TELEPHONE_NUMBER" />
					<medi:component xmltag="ZFDLSeg1_INITIALS" />
					<medi:component xmltag="ZFDLSeg1_TITLE" />
					<medi:component xmltag="ZFDLSeg1_WORK_TELEPHONE_NUMBER" />	
			</medi:field>
		</medi:segment>

			<medi:segment truncatable="true" ignoreUnmappedFields="true" segcode="2" xmltag="ZFDLSeg2" minOccurs="0" maxOccurs="-1">
				<medi:field xmltag="ZFDLSeg2_PROPERTY_SAFETY_DETAILS" truncatable="true">
					<medi:component xmltag="ZFDLSeg2_GAS_VISIT_DATE" />
					<medi:component xmltag="ZFDLSeg2_ELECTRICAL_VISIT_DATE" />
					<medi:component xmltag="ZFDLSeg2_SAFETY_REASON_NOT_LEFT_WHY" />	
				</medi:field>
			</medi:segment>
	
			<medi:segment truncatable="true" ignoreUnmappedFields="true" segcode="3" xmltag="ZFDLSeg3" minOccurs="0" maxOccurs="-1">
				<medi:field xmltag="ZFDLSeg3_PROPERTY_RISK_DETAILS" truncatable="true">
					<medi:component xmltag="ZFDLSeg3_RISK_REASON" />
					<medi:component xmltag="ZFDLSeg3_RISK_REPORT" />
					<medi:component xmltag="ZFDLSeg3_RISK_DATE" />	
				</medi:field>
		    </medi:segment>
			
			<medi:segment truncatable="true" ignoreUnmappedFields="true" segcode="4" xmltag="ZFDLSeg4" minOccurs="0" maxOccurs="-1">
				<medi:field xmltag="ZFDLSeg4_PROPERTY_UNSAFE_DETAILS" truncatable="true">
					<medi:component xmltag="ZFDLSeg4_REPORT" />
					<medi:component xmltag="ZFDLSeg4_CONDITION_AS_LEFT" />
					<medi:component xmltag="ZFDLSeg4_LABEL_ATTACHED_OR_REMOVED" />
					<medi:component xmltag="ZFDLSeg4_CAPPED_OR_TURNED_OFF" />
                    <medi:component xmltag="ZFDLSeg4_OWNED_BY_CUSTOMER" />
                    <medi:component xmltag="ZFDLSeg4_SIGNATURE_OBTAINED" />
                    <medi:component xmltag="ZFDLSeg4_LETTER_LEFT" />
                    <medi:component xmltag="ZFDLSeg4_OWNERS_NAME_OR_DETAILS" />
				</medi:field>
			</medi:segment>
			
			<medi:segment truncatable="true" ignoreUnmappedFields="true" segcode="5" xmltag="ZFDLSeg5" minOccurs="0" maxOccurs="-1">
				<medi:field xmltag="ZFDLSeg5_PROPERTY_UNSAFE_REASON" truncatable="true">
					<medi:component xmltag="ZFDLSeg5_UNSAFE_REASON" />		
			   </medi:field>
		  </medi:segment>
			
	
	<medi:segment truncatable="true" ignoreUnmappedFields="true" segcode="ZFDM1" xmltag="ZFDMSeg1" minOccurs="0" maxOccurs="-1">
			<medi:field xmltag="ZFDMSeg1_PREMISES_PLACE" truncatable="true">
				<medi:component xmltag="ZFDMSeg1_DCS_PLACE_IDENTIFIER" />
			</medi:field>
		<medi:segmentGroup  minOccurs="0" maxOccurs="-1">
			<medi:segment truncatable="true" ignoreUnmappedFields="true" segcode="2" xmltag="ZFDMSeg2" minOccurs="0" maxOccurs="-1">
				<medi:field xmltag="ZFDMSeg2_REQUESTED_FIELD_ACTIVITY" truncatable="true">
					<medi:component xmltag="ZFDMSeg2_ACTIVITY_ACTION_TYPE_CODE" />
					<medi:component xmltag="ZFDMSeg2_ACTIVITY_OBJECT_TYPE_CODE" />
					<medi:component xmltag="ZFDMSeg2_CHARGE_TYPE_CODE" />
					<medi:component xmltag="ZFDMSeg2_DCS_JOB_REFERENCE" />
					<medi:component xmltag="ZFDMSeg2_JOB_STATUS_CATEGORY" />
				</medi:field>	
				
			<medi:segmentGroup  minOccurs="0" maxOccurs="-1">
			  <medi:segment truncatable="true" ignoreUnmappedFields="true" segcode="3" xmltag="ZFDMSeg3" minOccurs="0" maxOccurs="-1">
				<medi:field xmltag="ZFDMSeg3_ACTIVITY_COMPONENT_VISIT" truncatable="true">
					<medi:component xmltag="ZFDMSeg3_ACTIVITY_COMPONENT_VISIT_DATE" />
					<medi:component xmltag="ZFDMSeg3_ACTIVITY_COMPONENT_VISIT_STATUS_CODE" />
					<medi:component xmltag="ZFDMSeg3_VISIT_FIELD_OPERATIVE" />
					<medi:component xmltag="ZFDMSeg3_VISIT_REPORT" />
				</medi:field>
			
			    <medi:segment truncatable="true" ignoreUnmappedFields="true" segcode="4" xmltag="ZFDMSeg4" minOccurs="0" maxOccurs="-1">
				<medi:field xmltag="ZFDMSeg4_GOODS_REQUISITION_ITEM" truncatable="true">
					<medi:component xmltag="ZFDMSeg4_DCS_GOODS_DESCRIPTION" />
					<medi:component xmltag="ZFDMSeg4_DCS_QUANTITY" />
					<medi:component xmltag="ZFDMSeg4_GOODS_ITEM_STATUS_CODE" />
					<medi:component xmltag="ZFDMSeg4_STOCK_REFERENCE_IDENTIFIER" />
				</medi:field>
			     </medi:segment>
				 </medi:segment>
			</medi:segmentGroup>
			  </medi:segment>
		</medi:segmentGroup>
		      
			
		<medi:segment  truncatable="true" ignoreUnmappedFields="true" segcode="5" xmltag="ZFDMSeg5" minOccurs="0" maxOccurs="-1">
			<medi:field  xmltag="ZFDMSeg5_HARDWARE" truncatable="true" >	
				<medi:component xmltag="ZFDMSeg5_HARDWARE_CATEGORY" />
				<medi:component xmltag="ZFDMSeg5_OBJECT_TYPE_CODE" />
				<medi:component xmltag="ZFDMSeg5_BG_INSTALLATION_INDICATOR" />
				<medi:component xmltag="ZFDMSeg5_DCS_HARDWARE_IDENTIFIER" />
				<medi:component xmltag="ZFDMSeg5_HARDWARE_INSTALLATION_YEAR" />
				<medi:component xmltag="ZFDMSeg5_LINK_ID" />
			</medi:field>
			<medi:field xmltag="ZFDMSeg5_HARDWARE_INSTALLED_APPLIANCE" truncatable="true">
				<medi:component xmltag="ZFDMSeg5_APPLIANCE_DESCRIPTION" />
				<medi:component xmltag="ZFDMSeg5_APPLIANCE_CONTRACT_TYPE_CODE" />
				<medi:component xmltag="ZFDMSeg5_APPLIANCE_FLUE_TYPE_CODE" />
				<medi:component xmltag="ZFDMSeg5_APPLIANCE_GC_CODE" />
				<medi:component xmltag="ZFDMSeg5_APPLIANCE_LOCATION_DESCRIPTION" />
				<medi:component xmltag="ZFDMSeg5_APPLIANCE_SERIAL_IDENTIFIER" />
				<medi:component xmltag="ZFDMSeg5_CONTRACT_EXPIRY_DATE" />
				<medi:component xmltag="ZFDMSeg5_APPLIANCE_CONDITION_CODE" />
				<medi:component xmltag="ZFDMSeg5_BOILER_SIZE" />
				<medi:component xmltag="ZFDMSeg5_NUMBER_OF_RADIATORS" />
				<medi:component xmltag="ZFDMSeg5_ENERGY_CONTROLS_CODE" />
				<medi:component xmltag="ZFDMSeg5_SYSTEM_INSTALLATION_YEAR" />
				<medi:component xmltag="ZFDMSeg5_SYSTEM_TYPE_CODE" />
				<medi:component xmltag="ZFDMSeg5_SYSTEM_DESIGN_CONDITION_CODE" />
				<medi:component xmltag="ZFDMSeg5_CYLINDER_TYPE_CODE" />
				<medi:component xmltag="ZFDMSeg5_NUMBER_SPECIAL_RADIATORS" />
				<medi:component xmltag="ZFDMSeg5_APPLIANCE_NOTES" />
			</medi:field>
			<medi:field  xmltag="ZFDMSeg5_SAFETY_DETAILS" truncatable="true">
				<medi:component xmltag="ZFDMSeg5_APPLIANCE_SAFE_RESPONSE" />
				<medi:component xmltag="ZFDMSeg5_FLUE_SATISFACTORY_RESPONSE" />
				<medi:component xmltag="ZFDMSeg5_INSTALLATION_APPLIANCE_SATISFACTORY_RESPONSE" />
				<medi:component xmltag="ZFDMSeg5_INSTALLATION_APPLIANCE_SOUND_RESPONSE" />
				<medi:component xmltag="ZFDMSeg5_SAFETY_ACTION_CODE" />
				<medi:component xmltag="ZFDMSeg5_SAFETY_DETAILS_DATE" />
				<medi:component xmltag="ZFDMSeg5_SAFETY_NOTICE_STATUS_CODE" />
				<medi:component xmltag="ZFDMSeg5_SAFETY_NOTICE_TYPE_CODE" />
				<medi:component xmltag="ZFDMSeg5_SAFETY_PROGRESS" />
				<medi:component xmltag="ZFDMSeg5_SAFETY_REPORT" />
				<medi:component xmltag="ZFDMSeg5_VENTILATION_SATISFACTORY_RESPONSE" />
			</medi:field>
			<medi:field  xmltag="ZFDMSeg5_CHIRP_DETAILS" truncatable="true">
				<medi:component xmltag="ZFDMSeg5_IACI_CODE" />
				<medi:component xmltag="ZFDMSeg5_IACI_CHANGE_DATE" />
			</medi:field>			
	    </medi:segment>
	 </medi:segment>
		
	<medi:segment truncatable="true" ignoreUnmappedFields="true" segcode="ZFDC1" xmltag="ZFDCSeg1" minOccurs="0" maxOccurs="-1">
			<medi:field xmltag="ZFDCSeg1_WORK_REQUEST" truncatable="true">
				<medi:component xmltag="ZFDCSeg1_DCS_WORK_REQUEST_NUMBER" />
				<medi:component xmltag="ZFDCSeg1_PREPAID_AMOUNT" />
				<medi:component xmltag="ZFDCSeg1_WORK_REQUEST_DATE" />
				<medi:component xmltag="ZFDCSeg1_PREVIOUS_VISITS_COUNT" />	
			</medi:field>
			<medi:field  xmltag="ZFDCSeg1_PREMISES_PLACE" truncatable="true" >
				<medi:component xmltag="ZFDCSeg1_DCS_PLACE_IDENTIFIER" />
			</medi:field>
			<medi:field  xmltag="ZFDCSeg1_ADDRESS_UNIT" truncatable="true" >
				<medi:component xmltag="ZFDCSeg1_ROAD_ADDRESS_1" />				
				<medi:component xmltag="ZFDCSeg1_DCS_ADDRESS_IDENTIFIER" />
				<medi:component xmltag="ZFDCSeg1_FLAT_NUMBER" />
				<medi:component xmltag="ZFDCSeg1_HOUSE_NUMBER" />
				<medi:component xmltag="ZFDCSeg1_POSTAL_DISTRICT" />
				<medi:component xmltag="ZFDCSeg1_POSTAL_TOWN" />
				<medi:component xmltag="ZFDCSeg1_POSTCODE_IN" />
				<medi:component xmltag="ZFDCSeg1_POSTCODE_OUT" />
				<medi:component xmltag="ZFDCSeg1_PREMISES_NAME" />
				<medi:component xmltag="ZFDCSeg1_ROAD_ADDRESS_2" />
			</medi:field>
			<medi:field  xmltag="ZFDCSeg1_CONTACT" truncatable="true" >
				<medi:component xmltag="ZFDCSeg1_NAME" />
				<medi:component xmltag="ZFDCSeg1_DCS_CONTACT_IDENTIFIER" />
				<medi:component xmltag="ZFDCSeg1_INITIALS" />
				<medi:component xmltag="ZFDCSeg1_TITLE" />
				<medi:component xmltag="ZFDCSeg1_NAME_OF_REQUESTER" />
			</medi:field>
			<medi:field  xmltag="ZFDCSeg1_CHIRP_DETAILS" truncatable="true" >
				<medi:component xmltag="ZFDCSeg1_CHIRP_AI_CODE" />
			</medi:field>
			
			<medi:segment  truncatable="true" ignoreUnmappedFields="true" segcode="2" xmltag="ZFDCSeg2" minOccurs="0" maxOccurs="-1">
			<medi:field  xmltag="ZFDCSeg2_REQUESTED_FIELD_ACTIVITY" truncatable="true" >
			    <medi:component xmltag="ZFDCSeg2_ACTIVITY_ACTION_TYPE_CODE" />
				<medi:component xmltag="ZFDCSeg2_ACTIVITY_OBJECT_TYPE_CODE" />				
				<medi:component xmltag="ZFDCSeg2_CHARGE_TYPE_CODE" />
				<medi:component xmltag="ZFDCSeg2_DCS_JOB_REFERENCE" />
				<medi:component xmltag="ZFDCSeg2_JOB_STATUS_CATEGORY" />
				<medi:component xmltag="ZFDCSeg2_DISCOUNT_CODE" />
				<medi:component xmltag="ZFDCSeg2_FIXED_PRICE_QUOTATION_AMOUNT" />
				<medi:component xmltag="ZFDCSeg2_SUPPORTING_TEXT" />
				<medi:component xmltag="ZFDCSeg2_SKILL_CODE" />
			</medi:field>
			<medi:field  xmltag="ZFDCSeg2_GOODS_REQUISITION" truncatable="true" >
			    <medi:component xmltag="ZFDCSeg2_DELIVER_TO_SITE_INDICATOR" />
			</medi:field>
			
			<medi:segment  truncatable="true" ignoreUnmappedFields="true" segcode="3" xmltag="ZFDCSeg3" minOccurs="0" maxOccurs="-1">
			<medi:field  xmltag="ZFDCSeg3_FIELD_ACTIVITY_COMPONENT" truncatable="true" >
			    <medi:component xmltag="ZFDCSeg3_WORK_ACTION_TYPE_CODE" />    
				<medi:component xmltag="ZFDCSeg3_WORK_OBJECT_TYPE_CODE" />				
				<medi:component xmltag="ZFDCSeg3_FIELD_COMPONENT_NUMBER" />
				<medi:component xmltag="ZFDCSeg3_SPECIAL_REQUIREMENT" />
			</medi:field>
			<medi:field  xmltag="ZFDCSeg3_HARDWARE" truncatable="true" >
			    <medi:component xmltag="ZFDCSeg3_DCS_HARDWARE_IDENTIFIER" />  
			 </medi:field>  
			 
			 <medi:segment  truncatable="true" ignoreUnmappedFields="true" segcode="4" xmltag="ZFDCSeg4" minOccurs="0" maxOccurs="-1">
			<medi:field  xmltag="ZFDCSeg4_ACTIVITY_COMPONENT_VISIT" truncatable="true" >
			    <medi:component xmltag="ZFDCSeg4_ACTIVITY_COMPONENT_VISIT_STATUS_CODE" />    
				<medi:component xmltag="ZFDCSeg4_ACTIVITY_COMPONENT_VISIT_DATE" />				
				<medi:component xmltag="ZFDCSeg4_CHARGEABLE_TIME" />
				<medi:component xmltag="ZFDCSeg4_FIELD_COMPONENT_VISIT_SEQUENCE" />
				<medi:component xmltag="ZFDCSeg4_PERCENTAGE_UPLIFT" />
				<medi:component xmltag="ZFDCSeg4_SUPPLEMENTARY_LABOUR_CHARGE" />
				<medi:component xmltag="ZFDCSeg4_VISIT_FIELD_OPERATIVE" />
				<medi:component xmltag="ZFDCSeg4_VISIT_REPORT" />
				<medi:component xmltag="ZFDCSeg4_WORK_DURATION" />	
			</medi:field>
			
			 <medi:segment  truncatable="true" ignoreUnmappedFields="true" segcode="5" xmltag="ZFDCSeg5" minOccurs="0" maxOccurs="-1">
			 <medi:field  xmltag="ZFDCSeg5_GOODS_REQUISITION_ITEM" truncatable="true" >
			    <medi:component xmltag="ZFDCSeg5_DCS_PRICE_FOR_CHARGING" />    
				<medi:component xmltag="ZFDCSeg5_DCS_QUANTITY"/>				
				<medi:component xmltag="ZFDCSeg5_GOODS_ITEM_STATUS_CODE" />
				<medi:component xmltag="ZFDCSeg5_DCS_GOODS_DESCRIPTION" />
				<medi:component xmltag="ZFDCSeg5_DCS_REQUISITION_NUMBER" />
				<medi:component xmltag="ZFDCSeg5_ORDER_DATE" />
				<medi:component xmltag="ZFDCSeg5_QUANTITY_TO_BE_CHARGED" />
				<medi:component xmltag="ZFDCSeg5_STOCK_REFERENCE_IDENTIFIER" />
			</medi:field>
		  </medi:segment>	 
		 </medi:segment>	 
		</medi:segment>	
	   </medi:segment>
	</medi:segment>
	</medi:segments>
</medi:edimap>
		