<?xml version="1.0" encoding="UTF-8"?>
<beans xmlns="http://www.springframework.org/schema/beans"
    xmlns:osgi="http://www.springframework.org/schema/osgi"
    xmlns:xsi="http://www.w3.org/2001/XMLSchema-instance" xsi:schemaLocation="        http://www.springframework.org/schema/beans http://www.springframework.org/schema/beans/spring-beans.xsd        http://www.springframework.org/schema/osgi http://www.springframework.org/schema/osgi/spring-osgi.xsd        http://camel.apache.org/schema/spring http://camel.apache.org/schema/spring/camel-spring.xsd">
    <!-- smooks declaration -->
    <bean class="org.milyn.smooks.camel.dataformat.SmooksDataFormat" id="smooks">
        <constructor-arg>
            <value>smooks-config.xml</value>
        </constructor-arg>
    </bean>
    <bean class="com.centrica.smooks.myProcessor" id="myProcessor"/>
    <bean class="com.centrica.smooks.Readfile" id="readfromfile"/>
    <camelContext id="camelContext-56c9d2ec-752f-4dd3-adfd-3402dca3cf01" xmlns="http://camel.apache.org/schema/spring">
        <route id="_route1">
            <!-- <bean ref="readfromfile" method="readfromfile"/> -->
            <from id="_from1" uri="timer:foo?period=5000"/>
            <to id="_to1" uri="bean:readfromfile?method=readfromfile"/>
            <log id="_log1" message="The message before smooks ${body}"/>
            <process id="_process1" ref="myProcessor"/>
            <unmarshal id="_unmarshal1" ref="smooks"/>
			 <convertBodyTo type="java.lang.String"/> 
            <log id="_log2" message="The message after smooks ${body}"/>
        </route>
    </camelContext>
</beans>
