<?xml version="1.0" encoding="UTF-8"?>
<blueprint xmlns="http://www.osgi.org/xmlns/blueprint/v1.0.0"
    xmlns:xsi="http://www.w3.org/2001/XMLSchema-instance" xsi:schemaLocation="http://www.osgi.org/xmlns/blueprint/v1.0.0 https://osgi.org/xmlns/blueprint/v1.0.0/blueprint.xsd">
    <bean class="com.mycompany.camel.MyProcessor" id="flProcessor"/>
    <bean class="com.mycompany.camel.S3Processor" id="s3process">
        <property name="client" ref="client"/>
    </bean>
    <bean class="com.mycompany.camel.CamelRoute" id="routes">
        <property name="flProcessor" ref="flProcessor"/>
        <property name="s3process" ref="s3process"/>
    </bean>
    <bean class="com.amazonaws.services.s3.AmazonS3Client" id="client">
        <argument ref="basicAWSCredentials"/>
    </bean>
    <bean class="com.amazonaws.auth.BasicAWSCredentials" id="basicAWSCredentials">
        <argument value="<AccessID>"/>
        <argument value="<SecretKEy>"/>
    </bean>
    <camelContext id="camelContext-407e1b71-e0d2-473c-a268-25563197f688" xmlns="http://camel.apache.org/schema/blueprint">
        <routeBuilder ref="routes"/>
    </camelContext>
</blueprint>
