<?xml version="1.0" encoding="UTF-8"?>
<beans xmlns="http://www.springframework.org/schema/beans"
    xmlns:xsi="http://www.w3.org/2001/XMLSchema-instance" xsi:schemaLocation="        http://www.springframework.org/schema/beans http://www.springframework.org/schema/beans/spring-beans.xsd        http://camel.apache.org/schema/spring http://camel.apache.org/schema/spring/camel-spring.xsd">
    <camelContext id="_camelContext1" xmlns="http://camel.apache.org/schema/spring">
        <route id="_route2">
            <from id="_from1" uri="timer:foo?period=5s"/>
            <log id="_log1" loggingLevel="DEBUG" message="ws-call request: ${in.body}"/>
            <doTry id="_doTry1">
                <to id="_to1" uri="spring-ws:http://foo.com/bar"/>
                <doCatch id="_doCatch1">
                    <exception>java.lang.Exception</exception>
                    <handled>
                        <constant>true</constant>
                    </handled>
                    <log id="_log2" message="ws-call error: ${exception.message} body: ${body}"/>
                </doCatch>
            </doTry>
            <log id="_log3" loggingLevel="DEBUG" message="ws-call response: ${body}"/>
        </route>
    </camelContext>
</beans>
