<?xml version="1.0" encoding="UTF-8"?>
<blueprint xmlns="http://www.osgi.org/xmlns/blueprint/v1.0.0"
    xmlns:cm="http://aries.apache.org/blueprint/xmlns/blueprint-cm/v1.2.0"
    xmlns:cxf="http://cxf.apache.org/blueprint/core"
    xmlns:http-conf="http://cxf.apache.org/transports/http/configuration"
    xmlns:httpj="http://cxf.apache.org/transports/http-jetty/configuration"
    xmlns:jaxrs="http://cxf.apache.org/blueprint/jaxrs"
    xmlns:sec="http://cxf.apache.org/configuration/security"
    xmlns:xsi="http://www.w3.org/2001/XMLSchema-instance" xsi:schemaLocation="       http://www.osgi.org/xmlns/blueprint/v1.0.0 http://www.osgi.org/xmlns/blueprint/v1.0.0/blueprint.xsd    http://cxf.apache.org/transports/http/configuration http://cxf.apache.org/schemas/configuration/http-conf.xsd        http://cxf.apache.org/transports/http-jetty/configuration http://cxf.apache.org/schemas/configuration/http-jetty.xsd      http://cxf.apache.org/configuration/security http://cxf.apache.org/schemas/configuration/security.xsd      http://cxf.apache.org/blueprint/jaxrs http://cxf.apache.org/schemas/blueprint/jaxrs.xsd       http://cxf.apache.org/blueprint/core http://cxf.apache.org/schemas/blueprint/core.xsd">
    
    <!--
      The <jaxrs:server/> element sets up our JAX-RS services.  It defines:
      - the server's address, '/crm', relative to the default CXF servlet URI
        with the default settings, the server will be running on 'http://localhost:8181/cxf/crm'
      - a list of service beans
        in this example, we refer to another bean defined in this Blueprint XML file with a <ref/> element
    -->
    
    
    <cm:property-placeholder id="myblueprint.placeholder" persistent-id="camel.blueprint">
        <cm:default-properties>
            <cm:property name="cert_path" value="/home/pchhabra/Desktop/CasesFolder/01829078/Certificate/mykeystore.jks"/>
            <cm:property name="cert_port" value="8443"/>
            <cm:property name="password" value="password"/>
        </cm:default-properties>
    </cm:property-placeholder>
    <httpj:engine-factory bus="cxf">
        <httpj:engine host="localhost" port="${cert_port}">
            <httpj:tlsServerParameters secureSocketProtocol="TLSv1">
                <sec:keyManagers keyPassword="${password}">
                    <sec:keyStore file="${cert_path}"
                        password="${password}" type="jks"/>
                </sec:keyManagers>
                <sec:cipherSuitesFilter>
                    <sec:include>.*_WITH_3DES_.*</sec:include>
                    <sec:include>.*_WITH_DES_.*</sec:include>
                    <sec:include>.*_WITH_AES_.*</sec:include>
                    <sec:include>.*_EXPORT_.*</sec:include>
                    <sec:include>.*_EXPORT1024_.*</sec:include>
                    <sec:exclude>.*_WITH_NULL_.*</sec:exclude>
                    <sec:exclude>.*_DH_anon_.*</sec:exclude>
                </sec:cipherSuitesFilter>
            </httpj:tlsServerParameters>
        </httpj:engine>
    </httpj:engine-factory>
    <jaxrs:server address="https://localhost:8443/crm/" id="customerService">
        <jaxrs:serviceBeans>
            <ref component-id="customerSvc"/>
        </jaxrs:serviceBeans>
        <jaxrs:providers>
            <bean class="com.fasterxml.jackson.jaxrs.json.JacksonJsonProvider"/>
        </jaxrs:providers>
    </jaxrs:server>
    <bean class="io.fabric8.quickstarts.rest.CustomerService" id="customerSvc"/>
</blueprint>
